Month,Project Name,Batch,Email,Name,Role,Items,Skipped,Hour,Rate (INR),Amount,Invoice,Accoutn Status
June -2026,PDF,TAX Form Canada-rework,rohankhanna@biztechanalytics.com,Himandri Kumar,EC - Submitter,2954,,,0.23,679.42,,Paid on 15.07.2026
June -2026,Hindi Project,New Project Knox - 180,operations-a@biztechanalytics.com,Pranav Sharma,Annotator,7277,,31.5,15,472.50,,Pending for Payment
June -2026,Terminus,AN_1_SINGLE ANNOTATOR,operations-a@biztechanalytics.com,Savithri,EC - Submitter,2785,,,0.56,1559.60,,
June -2026,Roboflow,TAX Form Canada-rework,operations-a@biztechanalytics.com,Rajyalakshmi - Intern,QA,857,,,0.2,171.40,,Pending for Payment
May,Short Form Video Project,Batch 6,rohankhanna@biztechanalytics.com,Aman Sharma,EC - Submitter,8442,,,0.6,5065.20,,Pending for Payment
March+ April,Roboflow,Batch 6,operations-a@biztechanalytics.com,Sindhu - Intern,QC,8159,,,0.5,4079.50,,Paid on 17.06.2026
June -2026,Pending - PDF,Batch 6,rohankhanna@biztechanalytics.com,Amir Hamza,QC,4831,,,0.2,966.20,,
June,PDF,Batch 6,not-an-email,Ridhima,Annotator,50,,,0.56,28.00,,
June -2026,Short Form Video Project,Batch 7,operations-a@biztechanalytics.com,Sneha - Intern,Annotator,3986,112,,0.56,2232.16,,Paid on 15.07.2026
May,Terminus,new_2_annotator_consensus_AN_1_7700_items,operations-a@biztechanalytics.com,Atiya,QA,8897,,,0.23,"""2,046.31""",,
June,PDF,Batch 6,,Durgai Sai - Intern,Annotator,100,,,0.56,56.00,,
May,Killi,Batch 7,priyasharma@biztechanalytics.com,Priya Sharma,Annotator,,,73.0,100,7300.00,,
June -2026,PDF,Batch 6,rohankhanna@biztechanalytics.com,Aditya,EC - Submitter,1659,,16.7,35,584.50,,Pending for Payment
March+ April,Killi,New Project Knox - 180,operations-a@biztechanalytics.com,Tejbanta,Annotator,1669,,24.2,12,290.40,,
May,PDF,New Project Knox - 180,rohankhanna@biztechanalytics.com,Amir Hamza - Intern,QC,6775,,,0.6,4065.00,,
Pending - May,Pending - PDF,AN_1_SINGLE ANNOTATOR,rohankhanna@biztechanalytics.com,Dipti,Reviewer,2303,,0.8,30,24.00,,
May,Killi,Batch 7,operations-a@biztechanalytics.com,Durgai Sai Kumar,QA,2634,85,,0.5,1317.00,,Paid on 17.06.2026
Pending - May,Roboflow,Batch 7,rohankhanna@biztechanalytics.com,Nishtha Sharma,QA,1596,,,0.5,798.00,,
May,Short Form Video Project,AN_1_SINGLE ANNOTATOR,rohankhanna@biztechanalytics.com,Bhavya Kumar,Annotator,2174,,,0.23,500.02,,Paid on 17.06.2026
May,Killi,new_2_annotator_consensus_AN_1_7700_items,rohankhanna@biztechanalytics.com,Ruchita,QC,8409,,,0.23,1934.07,,
June -2026,Killi,TAX Form Canada-rework,rohankhanna@biztechanalytics.com,Sindhu,EC - Submitter,7511,,,0.6,"""4,506.60""",,Paid on 17.06.2026
April,PDF,TAX Form Canada-rework,operations-a@biztechanalytics.com,Vivek,EC - Submitter,2646,,,0.56,"""1,481.76""",,Paid on 15.07.2026
May,Killi,new 100K consensus with QA3_AN1-5000,operations-a@biztechanalytics.com,Sabah - Intern,Annotator,8022,39,,0.5,4011.00,,Pending for Payment
April,Killi,new_2_annotator_consensus_AN_1_7700_items,rohankhanna@biztechanalytics.com,Palguni - Intern,QC,7982,,,0.6,4789.20,,Paid on 15.07.2026
March+ April,Roboflow,Batch 7,operations-a@biztechanalytics.com,Pavani,Reviewer,4288,,,0.23,986.24,,
March,Roboflow,AN_1_SINGLE ANNOTATOR,rohankhanna@biztechanalytics.com,Suhrid,QA,6024,,35.8,100,3580.00,,
April,Hindi Project,Astra - Hindi,rohankhanna@biztechanalytics.com,Sneha,QC,5257,69,,0.2,"""1,051.40""",,
Pending - May,Pending - PDF,AN_1_SINGLE ANNOTATOR,rohankhanna@biztechanalytics.com,Aishwarya,QC,8133,,,0.23,1870.59,,
March+ April,Hindi Project,new_2_annotator_consensus_AN_1_7700_items,rahulmehta@biztechanalytics.com,Rahul Mehta,Annotator,,,97.3,120,11676.00,,
May,Pending - PDF,new_2_annotator_consensus_AN_1_7700_items,rohankhanna@biztechanalytics.com,Pranav - Intern,EC - Submitter,2937,,,0.23,675.51,,
April,Roboflow,New Project Knox - 180,operations-a@biztechanalytics.com,Uppu Venkatesh,EC - Submitter,4471,112,,0.5,2235.50,,Paid on 17.06.2026
April,Hindi Project,New Project Knox - 180,operations-a@biztechanalytics.com,Pradeep Sharma,QC,958,,,0.2,191.60,,
March,Pending - PDF,Batch 7,rohankhanna@biztechanalytics.com,Bhavya - Intern,Reviewer,4239,,,0.56,2373.84,,Pending for Payment
June -2026,Pending - PDF,Batch 7,operations-a@biztechanalytics.com,Sarth Kumar,EC - Submitter,8189,,,0.6,"""4,913.40""",,
June -2026,Hindi Project,Astra - Hindi,operations-a@biztechanalytics.com,Priyam,Reviewer,379,24,,0.23,87.17,,
Pending - May,PDF,Astra - Hindi,operations-a@biztechanalytics.com,Suhrid Sharma,Reviewer,2780,,,0.6,1668.00,,
June -2026,Terminus,new_2_annotator_consensus_AN_1_7700_items,operations-a@biztechanalytics.com,Kaushik - Intern,EC - Submitter,6843,,,0.5,"""3,421.50""",,Return by Bank due to Wrong Account
Pending - May,Short Form Video Project,Batch 6,rohankhanna@biztechanalytics.com,Ritika,Annotator,790,,,0.56,442.40,,
May,Killi,new 100K consensus with QA3_AN1-5000,operations-a@biztechanalytics.com,Atiya - Intern,QC,835,,,0.2,167.00,,
April,PDF,Batch 6,operations-a@biztechanalytics.com,Mukesh - Intern,QC,757,63,,0.2,151.40,,Return by Bank due to Wrong Account
May,Hindi Project,Batch 6,rohankhanna@biztechanalytics.com,Kiran Bala,QA,1465,,,0.2,293.00,,
May,Killi,Astra - Hindi,operations-a@biztechanalytics.com,Mukesh,Reviewer,8864,,,0.5,4432.00,,
Pending - May,Hindi Project,Batch 6,operations-a@biztechanalytics.com,Ajay Kumar,Reviewer,2541,,,25,1270.50,,
Pending - May,Hindi Project,new_2_annotator_consensus_AN_1_7700_items,rohankhanna@biztechanalytics.com,Priyam,EC - Submitter,6146,,,0.2,1229.20,,
March,Killi,New Project Knox - 180,rohankhanna@biztechanalytics.com,Kathryn Kumar,Reviewer,8537,44,,0.5,4268.50,,Return by Bank due to Wrong Account
June,PDF,Batch 6,not-an-email,Sabah - Intern,Annotator,50,,,0.56,28.00,,
April,Terminus,new_2_annotator_consensus_AN_1_7700_items,rohankhanna@biztechanalytics.com,Joy,Reviewer,7484,,,0.5,3742.00,,Paid on 17.06.2026
June -2026,Hindi Project,New Project Knox - 180,operations-a@biztechanalytics.com,Rahela,QA,7449,,15.5,120,1860.00,,Paid on 17.06.2026
March+ April,Killi,New Project Knox - 180,operations-a@biztechanalytics.com,Vivek - Intern,EC - Submitter,726,,,0.2,145.20,,
Pending - May,Hindi Project,Batch 7,operations-a@biztechanalytics.com,Durgai Sai,Reviewer,8289,,,0.56,4641.84,,
Pending - May,Hindi Project,new_2_annotator_consensus_AN_1_7700_items,operations-a@biztechanalytics.com,Somya,Annotator,2212,,,12,"""1,106.00""",,
Pending - May,Killi,New Project Knox - 180,operations-a@biztechanalytics.com,Sneha,QA,2812,,,12,1406.00,,
April,Pending - PDF,New Project Knox - 180,operations-a@biztechanalytics.com,Savithri Sharma,Annotator,6001,93,1.8,15,27.00,,Return by Bank due to Wrong Account
March,Hindi Project,Astra - Hindi,operations-a@biztechanalytics.com,Vishwa - Intern,Annotator,7710,,17.5,25,437.50,,Paid on 15.07.2026
Pending - May,PDF,AN_1_SINGLE ANNOTATOR,operations-a@biztechanalytics.com,Nishtha Sharma,Reviewer,1033,184,,0.23,237.59,,
June -2026,Killi,AN_1_SINGLE ANNOTATOR,rohankhanna@biztechanalytics.com,Aditya Sharma,QC,3053,164,,0.6,1831.80,,Return by Bank due to Wrong Account
Pending - May,Pending - PDF,AN_1_SINGLE ANNOTATOR,operations-a@biztechanalytics.com,Joy,QA,641,64,21.2,35,742.00,,
June -2026,PDF,new_2_annotator_consensus_AN_1_7700_items,operations-a@biztechanalytics.com,Pranav,EC - Submitter,2421,,,0.2,484.20,,
June -2026,Terminus,new 100K consensus with QA3_AN1-5000,operations-a@biztechanalytics.com,Rajyalakshmi - Intern,Annotator,436,153,,0.6,261.60,,
June -2026,Hindi Project,new 100K consensus with QA3_AN1-5000,rohankhanna@biztechanalytics.com,Ritika,QA,1690,,,12,845.00,,
March,Roboflow,Batch 6,rohankhanna@biztechanalytics.com,Rahela,EC - Submitter,532,,,0.56,297.92,,
May,Roboflow,AN_1_SINGLE ANNOTATOR,operations-a@biztechanalytics.com,Vishwa - Intern,Annotator,629,,,12,314.50,,
June -2026,Hindi Project,new 100K consensus with QA3_AN1-5000,operations-a@biztechanalytics.com,Sharul,QC,3728,,,0.56,2087.68,,
Pending - May,PDF,new 100K consensus with QA3_AN1-5000,operations-a@biztechanalytics.com,Jyoti,Annotator,1307,,,0.56,731.92,,Paid on 15.07.2026
April,Short Form Video Project,new_2_annotator_consensus_AN_1_7700_items,rohankhanna@biztechanalytics.com,Nishtha,QC,6098,,,0.5,3049.00,,
April,Killi,Batch 7,rohankhanna@biztechanalytics.com,Rahela - Intern,EC - Submitter,8129,,,0.23,1869.67,,Paid on 15.07.2026
Pending - May,Killi,New Project Knox - 180,operations-a@biztechanalytics.com,Suhrid Kumar,QA,5313,,,0.2,1062.60,,Paid on 17.06.2026
March+ April,Pending - PDF,new 100K consensus with QA3_AN1-5000,rohankhanna@biztechanalytics.com,Brijesh,Annotator,8898,,17.9,15,268.50,,Paid on 17.06.2026
March+ April,Roboflow,Batch 7,dhruvgupta9911@gmail.com,Ritika Garg,Annotator,,,29.8,100,"""2,980.00""",,
May,Killi,new 100K consensus with QA3_AN1-5000,operations-a@biztechanalytics.com,Atiya - Intern,QC,254,,,12,127.00,,
Pending - May,Roboflow,Batch 7,operations-a@biztechanalytics.com,Rajesh - Intern,Reviewer,472,,,0.5,236.00,,Pending for Payment
March+ April,Hindi Project,new 100K consensus with QA3_AN1-5000,operations-a@biztechanalytics.com,Jyoti,EC - Submitter,2580,,20.6,12,247.20,,
April,Hindi Project,Astra - Hindi,operations-a@biztechanalytics.com,Rajyalakshmi - Intern,QC,3145,,,0.5,1572.50,,
Pending - May,Hindi Project,new 100K consensus with QA3_AN1-5000,operations-a@biztechanalytics.com,Narendra,QA,7305,155,,0.56,4090.80,,
March,Terminus,Batch 7,operations-a@biztechanalytics.com,Uppu Venkatesh - Intern,Reviewer,1560,,,0.56,873.60,,
May,Pending - PDF,AN_1_SINGLE ANNOTATOR,operations-a@biztechanalytics.com,Sneha - Intern,QA,2347,145,,0.2,469.40,,
Pending - May,Hindi Project,Batch 6,operations-a@biztechanalytics.com,Ajay Kumar,Reviewer,1029,,,0.56,576.24,,
Pending - May,Roboflow,AN_1_SINGLE ANNOTATOR,rohankhanna@biztechanalytics.com,Ridhima - Intern,EC - Submitter,2281,,23.0,35,805.00,,
Pending - May,Pending - PDF,Batch 7,rohankhanna@biztechanalytics.com,Sarth,Annotator,8095,,3.5,100,350.00,,
June -2026,Pending - PDF,TAX Form Canada-rework,rohankhanna@biztechanalytics.com,Vivek Kumar,EC - Submitter,6244,,,0.56,"""3,496.64""",,Paid on 17.06.2026
April,Killi,new 100K consensus with QA3_AN1-5000,operations-a@biztechanalytics.com,Angisa - Intern,QA,1169,,,0.23,268.87,,
May,Pending - PDF,Batch 7,operations-a@biztechanalytics.com,Anishka - Intern,EC - Submitter,3750,,27.1,25,677.50,,
March+ April,Killi,New Project Knox - 180,rohankhanna@biztechanalytics.com,Pavani Kumar,Reviewer,1551,,6.0,12,72.00,,
April,Killi,New Project Knox - 180,operations-a@biztechanalytics.com,Ajay Sharma,QA,6274,60,,0.56,3513.44,,Paid on 17.06.2026
March,Killi,New Project Knox - 180,rohankhanna@biztechanalytics.com,Vishwa Kumar,Reviewer,3371,,,0.6,"""2,022.60""",,Paid on 15.07.2026
June -2026,Killi,new 100K consensus with QA3_AN1-5000,operations-a@biztechanalytics.com,Priyam,QC,7529,,18.9,25,472.50,,Pending for Payment
Pending - May,Killi,Batch 7,operations-a@biztechanalytics.com,Ankur,Annotator,8797,,13.9,25,347.50,,Paid on 17.06.2026
March,PDF,New Project Knox - 180,operations-a@biztechanalytics.com,Joy,Reviewer,1049,,,0.23,241.27,,
March+ April,PDF,Astra - Hindi,rohankhanna@biztechanalytics.com,Ritika - Intern,EC - Submitter,5584,,33.9,25,847.50,,Pending for Payment
April,Pending - PDF,new_2_annotator_consensus_AN_1_7700_items,rohankhanna@biztechanalytics.com,Aishwarya,Annotator,7908,146,,0.56,4428.48,,
March,PDF,new 100K consensus with QA3_AN1-5000,dhruvgupta9191@gmail.com,Dhruv Gupta,Annotator,,,56.3,120,6756.00,,
May,Killi,new 100K consensus with QA3_AN1-5000,rohankhanna@biztechanalytics.com,Ruchita,Reviewer,2086,,38.0,30,1140.00,,
Pending - May,PDF,TAX Form Canada-rework,rahulmehta@biztechanalytics.com,Rahul Mehta,Annotator,,,39.4,500,19700.00,,
June -2026,Killi,Batch 6,operations-a@biztechanalytics.com,Pranav,QA,996,123,,0.2,199.20,,Return by Bank due to Wrong Account
March+ April,Pending - PDF,new_2_annotator_consensus_AN_1_7700_items,operations-a@biztechanalytics.com,Uppu Venkatesh,EC - Submitter,7702,12,10.5,12,126.00,,Paid on 15.07.2026
Pending - May,Terminus,Batch 6,operations-a@biztechanalytics.com,Jyoti - Intern,EC - Submitter,4905,,5.8,12,69.60,,
Pending - May,PDF,AN_1_SINGLE ANNOTATOR,rahulmehta@biztechanalytics.com,Rahul Mehta,Annotator,,,76.0,120,9120.00,,
June -2026,Pending - PDF,new_2_annotator_consensus_AN_1_7700_items,rohankhanna@biztechanalytics.com,Mukesh,Reviewer,7220,,,0.5,"""3,610.00""",,Pending for Payment
March,Short Form Video Project,new_2_annotator_consensus_AN_1_7700_items,rohankhanna@biztechanalytics.com,Sharul,EC - Submitter,8680,77,,0.23,"""1,996.40""",,
May,PDF,New Project Knox - 180,operations-a@biztechanalytics.com,Palguni - Intern,Annotator,1684,91,30.1,15,451.50,,
March+ April,Hindi Project,AN_1_SINGLE ANNOTATOR,operations-a@biztechanalytics.com,Kaushik,QC,5718,,,0.23,1315.14,,Pending for Payment
April,Roboflow,new 100K consensus with QA3_AN1-5000,rohankhanna@biztechanalytics.com,Sneha,EC - Submitter,2298,,25.0,120,3000.00,,
April,Short Form Video Project,new 100K consensus with QA3_AN1-5000,operations-a@biztechanalytics.com,Kaushik,QC,1395,,,0.56,781.20,,
April,Killi,new 100K consensus with QA3_AN1-5000,operations-a@biztechanalytics.com,Sarth - Intern,Reviewer,7491,,,0.6,4494.60,,
April,Short Form Video Project,AN_1_SINGLE ANNOTATOR,operations-a@biztechanalytics.com,Mukesh,QA,2114,,21.0,25,525.00,,
April,Roboflow,Batch 7,operations-a@biztechanalytics.com,Mukesh - Intern,QA,7682,,23.9,25,597.50,,Pending for Payment
April,Terminus,new 100K consensus with QA3_AN1-5000,rohankhanna@biztechanalytics.com,Sarth - Intern,Annotator,439,,,0.6,263.40,,Pending for Payment
June -2026,Hindi Project,TAX Form Canada-rework,operations-a@biztechanalytics.com,Sindhu,EC - Submitter,7149,,,0.6,"""4,289.40""",,
April,Killi,new_2_annotator_consensus_AN_1_7700_items,dhruvgupta9911@gmail.com,Ritika Garg,Annotator,,,79.9,307,24529.30,,
June -2026,PDF,TAX Form Canada-rework,operations-a@biztechanalytics.com,Jyoti - Intern,QA,8437,,,0.56,"""4,724.72""",,Return by Bank due to Wrong Account
June -2026,Roboflow,Batch 6,operations-a@biztechanalytics.com,Aman,QC,6232,,12.3,30,369.00,,Paid on 17.06.2026
March,PDF,New Project Knox - 180,rohankhanna@biztechanalytics.com,Sindhu Kumar,EC - Submitter,1102,,,0.2,220.40,,
March+ April,Killi,New Project Knox - 180,operations-a@biztechanalytics.com,Vivek - Intern,EC - Submitter,1204,,,25,602.00,,
March+ April,PDF,AN_1_SINGLE ANNOTATOR,rohankhanna@biztechanalytics.com,Sharul,QA,1640,,,0.2,328.00,,
March,Roboflow,New Project Knox - 180,rohankhanna@biztechanalytics.com,Sabah - Intern,Annotator,1245,88,13.4,100,"""1,340.00""",,Return by Bank due to Wrong Account
March+ April,Killi,TAX Form Canada-rework,operations-a@biztechanalytics.com,Rajesh,EC - Submitter,1442,,,25,721.00,,
Pending - May,Short Form Video Project,Astra - Hindi,rohankhanna@biztechanalytics.com,Pranav,EC - Submitter,5873,,33.7,35,"""1,179.50""",,
June -2026,Terminus,TAX Form Canada-rework,rohankhanna@biztechanalytics.com,Dipti - Intern,Reviewer,5053,,,0.56,2829.68,,Return by Bank due to Wrong Account
March+ April,Killi,TAX Form Canada-rework,operations-a@biztechanalytics.com,Rajyalakshmi,QA,992,,,0.2,198.40,,Return by Bank due to Wrong Account
April,Short Form Video Project,Astra - Hindi,rohankhanna@biztechanalytics.com,Amir Hamza,EC - Submitter,8882,,,0.2,"""1,776.40""",,
Pending - May,PDF,New Project Knox - 180,rohankhanna@biztechanalytics.com,Brijesh - Intern,Reviewer,152,78,,0.6,91.20,,
March+ April,Terminus,AN_1_SINGLE ANNOTATOR,rahulmehta@biztechanalytics.com,Rahul Mehta,Annotator,,,73.9,500,36950.00,,
May,Killi,new_2_annotator_consensus_AN_1_7700_items,operations-a@biztechanalytics.com,Pranav - Intern,EC - Submitter,5344,,,0.23,1229.12,,Paid on 17.06.2026
April,Killi,TAX Form Canada-rework,operations-a@biztechanalytics.com,Rahela Kumar,Annotator,6745,,,0.2,1349.00,,
Pending - May,Terminus,new_2_annotator_consensus_AN_1_7700_items,operations-a@biztechanalytics.com,Nishtha - Intern,QA,8785,,,0.5,"""4,392.50""",,
March,Terminus,New Project Knox - 180,operations-a@biztechanalytics.com,Kathryn - Intern,QA,2535,169,,0.2,507.00,,Paid on 15.07.2026
Pending - May,Pending - PDF,TAX Form Canada-rework,rohankhanna@biztechanalytics.com,Kathryn,QA,7247,,,0.23,"""1,666.81""",,Pending for Payment
June -2026,Hindi Project,Batch 6,rohankhanna@biztechanalytics.com,Sneha - Intern,Reviewer,1526,188,,0.5,763.00,,
March+ April,Pending - PDF,Batch 6,rohankhanna@biztechanalytics.com,Ankur,QC,6941,,,0.2,1388.20,,
April,Killi,Batch 7,rohankhanna@biztechanalytics.com,Himandri,Reviewer,8962,,,0.6,5377.20,,
Pending - May,PDF,Batch 7,operations-a@biztechanalytics.com,Pranav,Reviewer,7692,,,0.56,4307.52,,Paid on 15.07.2026
June,PDF,Batch 6,,Joy,Annotator,100,,,0.56,56.00,,
June -2026,Terminus,Astra - Hindi,rohankhanna@biztechanalytics.com,Priyam,QC,6703,176,,0.56,3753.68,,
March+ April,Pending - PDF,new 100K consensus with QA3_AN1-5000,operations-a@biztechanalytics.com,Ruchita - Intern,QC,2370,,4.8,120,576.00,,
May,Killi,TAX Form Canada-rework,dhruvgupta9911@gmail.com,Ritika Garg,Annotator,,,95.8,100,9580.00,,
March,Roboflow,Batch 6,operations-a@biztechanalytics.com,Bhavya Kumar,QA,3189,,,0.6,1913.40,,Pending for Payment
June -2026,Hindi Project,New Project Knox - 180,rohankhanna@biztechanalytics.com,Sindhu - Intern,Reviewer,4400,,,0.2,880.00,,
June -2026,PDF,new_2_annotator_consensus_AN_1_7700_items,operations-a@biztechanalytics.com,Pavani Sharma,QA,3340,106,29.6,12,355.20,,
March+ April,Killi,TAX Form Canada-rework,operations-a@biztechanalytics.com,Harshit,QC,3483,168,,0.56,"""1,950.48""",,
June -2026,Short Form Video Project,Astra - Hindi,rohankhanna@biztechanalytics.com,Aman,Annotator,3052,,0.9,35,31.50,,
March,Hindi Project,New Project Knox - 180,rohankhanna@biztechanalytics.com,Swarupa,Reviewer,4777,,,0.23,1098.71,,Return by Bank due to Wrong Account
March,PDF,Batch 7,rohankhanna@biztechanalytics.com,Palguni Kumar,QC,7118,30,,0.2,1423.60,,
June -2026,Roboflow,TAX Form Canada-rework,operations-a@biztechanalytics.com,Amir Hamza - Intern,Reviewer,3020,,19.4,120,"""2,328.00""",,Return by Bank due to Wrong Account
May,Killi,AN_1_SINGLE ANNOTATOR,operations-a@biztechanalytics.com,Mukesh Kumar,QA,5461,,12.8,100,1280.00,,Paid on 17.06.2026
June -2026,Roboflow,new_2_annotator_consensus_AN_1_7700_items,dhruvgupta9191@gmail.com,Dhruv Gupta,EC - Submitter,,,82.4,100,8240.00,,
April,Roboflow,New Project Knox - 180,operations-a@biztechanalytics.com,Priyam Kumar,QC,8196,,,0.2,1639.20,,Return by Bank due to Wrong Account
June -2026,Roboflow,new 100K consensus with QA3_AN1-5000,operations-a@biztechanalytics.com,Nishtha,Reviewer,7025,,,0.2,1405.00,,
Pending - May,Killi,Batch 7,operations-a@biztechanalytics.com,Kaushik - Intern,QC,5447,,,0.5,2723.50,,
March+ April,Terminus,Astra - Hindi,priyasharma@biztechanalytics.com,Priya Sharma,EC - Submitter,,,65.7,120,7884.00,,
June -2026,Terminus,TAX Form Canada-rework,rohankhanna@biztechanalytics.com,Swarupa Kumar,EC - Submitter,4525,134,1.0,100,100.00,,Pending for Payment
March,Killi,AN_1_SINGLE ANNOTATOR,operations-a@biztechanalytics.com,Brijesh,Annotator,8938,,,0.23,2055.74,,
March+ April,Terminus,new_2_annotator_consensus_AN_1_7700_items,operations-a@biztechanalytics.com,Sabah,Reviewer,873,,,12,436.50,,
Pending - May,Terminus,Astra - Hindi,dhruvgupta9911@gmail.com,Ritika Garg,Annotator,,,95.2,307,"""29,226.40""",,
April,Hindi Project,Astra - Hindi,operations-a@biztechanalytics.com,Sarth - Intern,Reviewer,7564,,20.4,30,612.00,,
March,Roboflow,TAX Form Canada-rework,operations-a@biztechanalytics.com,Pranav,Annotator,1790,,,0.56,"""1,002.40""",,
May,Roboflow,Batch 6,rohankhanna@biztechanalytics.com,Pranav,Annotator,1192,,,0.5,596.00,,
May,Hindi Project,New Project Knox - 180,operations-a@biztechanalytics.com,Anishka,QC,5617,,,0.5,2808.50,,
March,Pending - PDF,New Project Knox - 180,rohankhanna@biztechanalytics.com,Kathryn Sharma,QC,2798,,19.2,12,230.40,,
March,Roboflow,new_2_annotator_consensus_AN_1_7700_items,rohankhanna@biztechanalytics.com,Rajyalakshmi - Intern,QC,7479,70,,0.56,4188.24,,
Pending - May,Pending - PDF,Batch 6,rohankhanna@biztechanalytics.com,Brijesh,QA,2689,,29.8,30,894.00,,
Pending - May,Killi,new_2_annotator_consensus_AN_1_7700_items,priyasharma@biztechanalytics.com,Priya Sharma,Annotator,,,28.4,307,"""8,718.80""",,
April,Killi,AN_1_SINGLE ANNOTATOR,rohankhanna@biztechanalytics.com,Suhrid,Reviewer,4945,,,0.5,"""2,472.50""",,Paid on 15.07.2026
March,PDF,Batch 7,operations-a@biztechanalytics.com,Sneha Sharma,QC,7406,45,32.5,120,3900.00,,Paid on 15.07.2026
June -2026,Terminus,TAX Form Canada-rework,rohankhanna@biztechanalytics.com,Mukesh,EC - Submitter,1279,,,0.6,767.40,,Pending for Payment
March,Terminus,Batch 7,operations-a@biztechanalytics.com,Ruchita - Intern,QC,8693,,14.3,100,1430.00,,
March,Roboflow,new_2_annotator_consensus_AN_1_7700_items,rohankhanna@biztechanalytics.com,Palguni,Annotator,6179,142,,0.2,1235.80,,
April,Short Form Video Project,Batch 6,rohankhanna@biztechanalytics.com,Sabah,QC,6568,18,31.1,25,777.50,,Paid on 15.07.2026
March,PDF,new_2_annotator_consensus_AN_1_7700_items,operations-a@biztechanalytics.com,Meena,QC,8004,,,0.56,4482.24,,
April,Terminus,new_2_annotator_consensus_AN_1_7700_items,rohankhanna@biztechanalytics.com,Rajesh - Intern,Annotator,8664,,30.4,25,760.00,,Return by Bank due to Wrong Account
June -2026,Pending - PDF,TAX Form Canada-rework,operations-a@biztechanalytics.com,Vivek,QA,2153,,,0.56,"""1,205.68""",,
March+ April,Hindi Project,AN_1_SINGLE ANNOTATOR,operations-a@biztechanalytics.com,Uppu Venkatesh - Intern,EC - Submitter,4210,,,0.5,2105.00,,Return by Bank due to Wrong Account
March,Hindi Project,TAX Form Canada-rework,operations-a@biztechanalytics.com,Rajesh,Reviewer,7657,,,0.2,"""1,531.40""",,Paid on 17.06.2026
June -2026,Hindi Project,Batch 6,operations-a@biztechanalytics.com,Pranav - Intern,EC - Submitter,1229,172,,0.23,282.67,,
June -2026,Pending - PDF,TAX Form Canada-rework,operations-a@biztechanalytics.com,Bhavya,Annotator,4135,,16.5,35,577.50,,
March,Pending - PDF,new_2_annotator_consensus_AN_1_7700_items,rohankhanna@biztechanalytics.com,Meena - Intern,QC,8300,74,,0.56,"""4,648.00""",,Pending for Payment
June -2026,Short Form Video Project,New Project Knox - 180,rohankhanna@biztechanalytics.com,Uppu Venkatesh Kumar,QC,8105,,13.8,35,483.00,,
June -2026,Short Form Video Project,new_2_annotator_consensus_AN_1_7700_items,operations-a@biztechanalytics.com,Pranav Sharma,QC,3119,,,0.5,1559.50,,Return by Bank due to Wrong Account
May,Terminus,Batch 7,dhruvgupta9191@gmail.com,Dhruv Gupta,Annotator,,,29.7,307,9117.90,,
April,Killi,TAX Form Canada-rework,rohankhanna@biztechanalytics.com,Pranav Sharma,Reviewer,2773,36,,0.6,1663.80,,
March,Killi,Batch 6,rohankhanna@biztechanalytics.com,Bhavya,QC,4076,,,0.2,815.20,,Paid on 17.06.2026
June -2026,Short Form Video Project,new_2_annotator_consensus_AN_1_7700_items,operations-a@biztechanalytics.com,Jyoti Sharma,EC - Submitter,1208,,,0.56,676.48,,Return by Bank due to Wrong Account
April,Killi,AN_1_SINGLE ANNOTATOR,rohankhanna@biztechanalytics.com,Sabah,EC - Submitter,1696,,,0.56,949.76,,Paid on 17.06.2026
March,Hindi Project,AN_1_SINGLE ANNOTATOR,operations-a@biztechanalytics.com,Jyoti Sharma,Annotator,1076,,,0.6,645.60,,Pending for Payment
April,Pending - PDF,New Project Knox - 180,rohankhanna@biztechanalytics.com,Harshit,QA,3972,,,0.2,794.40,,
March+ April,Killi,new_2_annotator_consensus_AN_1_7700_items,rohankhanna@biztechanalytics.com,Sai Charan,QC,6607,,,0.6,3964.20,,Return by Bank due to Wrong Account
May,Killi,Batch 7,rohankhanna@biztechanalytics.com,Sindhu,Annotator,2692,,,0.6,"""1,615.20""",,Pending for Payment
May,Roboflow,AN_1_SINGLE ANNOTATOR,priyasharma@biztechanalytics.com,Priya Sharma,EC - Submitter,,,1.5,120,180.00,,
March,Roboflow,new 100K consensus with QA3_AN1-5000,rohankhanna@biztechanalytics.com,Narendra,QA,5711,23,5.1,120,612.00,,
June -2026,Roboflow,New Project Knox - 180,operations-a@biztechanalytics.com,Aman,Reviewer,2417,,34.5,12,414.00,,Paid on 17.06.2026
March,Roboflow,Batch 6,rohankhanna@biztechanalytics.com,Rahela,EC - Submitter,1143,,,12,571.50,,
June -2026,Pending - PDF,new 100K consensus with QA3_AN1-5000,rohankhanna@biztechanalytics.com,Savithri - Intern,Annotator,6815,,29.3,25,732.50,,
May,Pending - PDF,Batch 6,operations-a@biztechanalytics.com,Meena,QC,4786,,,0.56,"""2,680.16""",,
March,Pending - PDF,Batch 6,dhruvgupta9911@gmail.com,Ritika Garg,Annotator,,,57.7,500,28850.00,,
May,Killi,Astra - Hindi,rohankhanna@biztechanalytics.com,Atiya Sharma,Annotator,8646,,,0.6,5187.60,,
March,Killi,AN_1_SINGLE ANNOTATOR,rohankhanna@biztechanalytics.com,Aman - Intern,Reviewer,84,,,0.56,47.04,,Return by Bank due to Wrong Account
March+ April,Roboflow,Astra - Hindi,operations-a@biztechanalytics.com,Prameela - Intern,EC - Submitter,1312,,,0.2,262.40,,
March+ April,Roboflow,TAX Form Canada-rework,rohankhanna@biztechanalytics.com,Himandri Sharma,QC,7801,25,,0.56,4368.56,,
May,Hindi Project,new 100K consensus with QA3_AN1-5000,operations-a@biztechanalytics.com,Himandri - Intern,Reviewer,3777,,,0.6,2266.20,,
Pending - May,Pending - PDF,New Project Knox - 180,rohankhanna@biztechanalytics.com,Atiya Kumar,QA,8108,,,0.6,"""4,864.80""",,
March+ April,Killi,Batch 6,rohankhanna@biztechanalytics.com,Kaushik - Intern,EC - Submitter,2938,,23.7,120,2844.00,,Paid on 17.06.2026
March,Terminus,Batch 7,operations-a@biztechanalytics.com,Uppu Venkatesh - Intern,Reviewer,217,,,0.2,43.40,,
May,Killi,new 100K consensus with QA3_AN1-5000,rohankhanna@biztechanalytics.com,Ritika,QC,4740,,20.8,100,2080.00,,
Pending - May,Pending - PDF,Batch 6,rohankhanna@biztechanalytics.com,Prameela,Annotator,6756,,,0.23,"""1,553.88""",,Pending for Payment
June -2026,Hindi Project,new 100K consensus with QA3_AN1-5000,rohankhanna@biztechanalytics.com,Ritika,QA,546,,,0.56,305.76,,
June -2026,Killi,Batch 6,rohankhanna@biztechanalytics.com,Joy - Intern,Annotator,1681,104,,0.6,"""1,008.60""",,
June -2026,Hindi Project,New Project Knox - 180,rohankhanna@biztechanalytics.com,Mukesh,QA,2701,,,0.23,621.23,,
May,PDF,TAX Form Canada-rework,dhruvgupta9911@gmail.com,Ritika Garg,Annotator,,,22.0,120,"""2,640.00""",,
April,Short Form Video Project,Astra - Hindi,operations-a@biztechanalytics.com,Himandri - Intern,QA,1825,,,0.56,1022.00,,
March+ April,Roboflow,New Project Knox - 180,operations-a@biztechanalytics.com,Uppu Venkatesh - Intern,QA,4038,,,0.5,2019.00,,
March+ April,Pending - PDF,Batch 7,dhruvgupta9191@gmail.com,Dhruv Gupta,Annotator,,,75.8,100,7580.00,,
March,Hindi Project,Batch 7,dhruvgupta9911@gmail.com,Ritika Garg,Annotator,,,90.1,307,27660.70,,
March+ April,Terminus,new_2_annotator_consensus_AN_1_7700_items,operations-a@biztechanalytics.com,Sabah,Reviewer,1431,,,0.56,801.36,,
March,Killi,TAX Form Canada-rework,operations-a@biztechanalytics.com,Sabah,EC - Submitter,2147,153,,0.23,493.81,,
Pending - May,Short Form Video Project,new 100K consensus with QA3_AN1-5000,operations-a@biztechanalytics.com,Angisa Kumar,EC - Submitter,5511,130,,0.5,2755.50,,
April,PDF,new_2_annotator_consensus_AN_1_7700_items,operations-a@biztechanalytics.com,Uppu Venkatesh,QC,2503,,,0.56,1401.68,,Return by Bank due to Wrong Account
Pending - May,Roboflow,AN_1_SINGLE ANNOTATOR,rohankhanna@biztechanalytics.com,Sai Charan Kumar,Reviewer,6783,127,,0.56,"""3,798.48""",,Return by Bank due to Wrong Account
April,PDF,TAX Form Canada-rework,rohankhanna@biztechanalytics.com,Brijesh Kumar,QA,3768,,,0.5,"""1,884.00""",,Return by Bank due to Wrong Account
April,Hindi Project,new_2_annotator_consensus_AN_1_7700_items,operations-a@biztechanalytics.com,Pradeep Sharma,EC - Submitter,3470,,,0.56,1943.20,,Paid on 15.07.2026
May,Terminus,new 100K consensus with QA3_AN1-5000,operations-a@biztechanalytics.com,Angisa - Intern,QC,1292,,,0.6,775.20,,
April,Hindi Project,Astra - Hindi,rohankhanna@biztechanalytics.com,Atiya,QC,1904,,,0.56,"""1,066.24""",,Pending for Payment
May,Roboflow,AN_1_SINGLE ANNOTATOR,operations-a@biztechanalytics.com,Vishwa - Intern,Annotator,2444,,,0.2,488.80,,
March+ April,Terminus,Astra - Hindi,rohankhanna@biztechanalytics.com,Ankur Kumar,Reviewer,613,,,0.6,367.80,,Paid on 17.06.2026
May,Killi,Astra - Hindi,operations-a@biztechanalytics.com,Prameela,EC - Submitter,8609,,18.7,35,654.50,,Paid on 15.07.2026
June -2026,Short Form Video Project,new_2_annotator_consensus_AN_1_7700_items,rohankhanna@biztechanalytics.com,Rajyalakshmi - Intern,QC,5986,,38.2,120,"""4,584.00""",,
March+ April,Terminus,new 100K consensus with QA3_AN1-5000,operations-a@biztechanalytics.com,Jyoti - Intern,Reviewer,7433,130,,0.2,1486.60,,Pending for Payment
April,Terminus,TAX Form Canada-rework,operations-a@biztechanalytics.com,Rajesh,QA,258,,,0.56,144.48,,Pending for Payment
June -2026,Pending - PDF,new 100K consensus with QA3_AN1-5000,rohankhanna@biztechanalytics.com,Angisa,QA,3435,,,0.2,687.00,,
June -2026,Roboflow,new_2_annotator_consensus_AN_1_7700_items,dhruvgupta9191@gmail.com,Dhruv Gupta,EC - Submitter,,,43.9,100,4390.00,,
Pending - May,Pending - PDF,AN_1_SINGLE ANNOTATOR,operations-a@biztechanalytics.com,Palguni Sharma,Annotator,7202,107,,0.5,3601.00,,Paid on 15.07.2026
March+ April,Killi,new 100K consensus with QA3_AN1-5000,priyasharma@biztechanalytics.com,Priya Sharma,EC - Submitter,,,69.7,120,8364.00,,
March+ April,Roboflow,new 100K consensus with QA3_AN1-5000,operations-a@biztechanalytics.com,Aman,Reviewer,536,,,0.56,300.16,,
June -2026,PDF,TAX Form Canada-rework,operations-a@biztechanalytics.com,Priyam - Intern,QC,4232,,28.2,25,705.00,,Pending for Payment
Pending - May,Killi,New Project Knox - 180,operations-a@biztechanalytics.com,Sneha,QA,858,,,12,429.00,,
April,Pending - PDF,Batch 6,operations-a@biztechanalytics.com,Meena,Annotator,5413,,,0.56,"""3,031.28""",,
March+ April,Terminus,Batch 7,rohankhanna@biztechanalytics.com,Nishtha,QA,7091,,,0.56,"""3,970.96""",,Pending for Payment
May,Roboflow,Batch 7,operations-a@biztechanalytics.com,Bhavya,Annotator,4640,174,,0.5,"""2,320.00""",,Paid on 17.06.2026
March+ April,Pending - PDF,AN_1_SINGLE ANNOTATOR,operations-a@biztechanalytics.com,Rajesh - Intern,EC - Submitter,2526,,22.8,120,2736.00,,
March+ April,Short Form Video Project,Batch 6,operations-a@biztechanalytics.com,Ajay Sharma,EC - Submitter,7368,,,0.56,4126.08,,
March+ April,Hindi Project,new_2_annotator_consensus_AN_1_7700_items,operations-a@biztechanalytics.com,Mukesh,EC - Submitter,8977,,,0.56,5027.12,,Paid on 15.07.2026
March+ April,Terminus,TAX Form Canada-rework,operations-a@biztechanalytics.com,Nishtha - Intern,Reviewer,753,,,0.2,150.60,,
April,Terminus,Batch 6,operations-a@biztechanalytics.com,Tejbanta,EC - Submitter,1343,,8.6,100,860.00,,Paid on 15.07.2026
March,Hindi Project,Batch 7,rohankhanna@biztechanalytics.com,Uppu Venkatesh,QA,8377,,,0.56,4691.12,,
April,PDF,Batch 6,operations-a@biztechanalytics.com,Sindhu,Annotator,3257,184,,0.6,"""1,954.20""",,
March,PDF,TAX Form Canada-rework,operations-a@biztechanalytics.com,Sabah,Annotator,7761,133,,0.6,"""4,656.60""",,Paid on 15.07.2026
June -2026,Short Form Video Project,TAX Form Canada-rework,operations-a@biztechanalytics.com,Aishwarya,Reviewer,8408,,,0.23,1933.84,,
June -2026,Pending - PDF,New Project Knox - 180,operations-a@biztechanalytics.com,Ruchita,EC - Submitter,1988,,26.9,35,941.50,,Paid on 15.07.2026
April,Terminus,Batch 7,operations-a@biztechanalytics.com,Palguni,Annotator,1403,188,39.1,35,1368.50,,
June -2026,Killi,TAX Form Canada-rework,rohankhanna@biztechanalytics.com,Rajesh Sharma,QC,6813,180,32.2,120,"""3,864.00""",,
March+ April,Short Form Video Project,New Project Knox - 180,rohankhanna@biztechanalytics.com,Durgai Sai Sharma,Annotator,973,,,12,486.50,,
May,Terminus,Batch 6,rohankhanna@biztechanalytics.com,Joy - Intern,QA,4285,,,0.2,857.00,,
March,PDF,AN_1_SINGLE ANNOTATOR,rohankhanna@biztechanalytics.com,Joy - Intern,QC,1785,,,0.56,999.60,,Paid on 15.07.2026
March,Short Form Video Project,TAX Form Canada-rework,operations-a@biztechanalytics.com,Kiran Bala - Intern,QA,7159,103,15.8,15,237.00,,Return by Bank due to Wrong Account
May,Short Form Video Project,new_2_annotator_consensus_AN_1_7700_items,rohankhanna@biztechanalytics.com,Pranav,Annotator,4456,,,0.6,2673.60,,Return by Bank due to Wrong Account
June -2026,Terminus,TAX Form Canada-rework,operations-a@biztechanalytics.com,Sharul,QC,4847,,,0.56,"""2,714.32""",,
March+ April,Killi,Astra - Hindi,rohankhanna@biztechanalytics.com,Suhrid - Intern,Annotator,7993,,,0.56,"""4,476.08""",,Pending for Payment
March+ April,Short Form Video Project,Batch 7,rohankhanna@biztechanalytics.com,Priyam Kumar,QA,8653,,,0.6,5191.80,,
June -2026,Roboflow,Astra - Hindi,operations-a@biztechanalytics.com,Anishka,QC,5585,,,0.5,2792.50,,
March+ April,Terminus,Batch 7,operations-a@biztechanalytics.com,Nishtha - Intern,QC,2683,,,0.5,1341.50,,Paid on 17.06.2026
April,Killi,Batch 7,priyasharma@biztechanalytics.com,Priya Sharma,Annotator,,,84.3,120,10116.00,,
March+ April,PDF,new 100K consensus with QA3_AN1-5000,rohankhanna@biztechanalytics.com,Durgai Sai - Intern,Reviewer,1388,,,0.23,319.24,,
May,Terminus,new 100K consensus with QA3_AN1-5000,rohankhanna@biztechanalytics.com,Aman - Intern,QA,7598,31,,0.6,4558.80,,
Pending - May,Hindi Project,Batch 7,rohankhanna@biztechanalytics.com,Tejbanta Sharma,Reviewer,8914,,,0.56,4991.84,,Return by Bank due to Wrong Account
March+ April,Killi,Astra - Hindi,operations-a@biztechanalytics.com,Bhavya,Reviewer,4557,47,,0.56,2551.92,,Return by Bank due to Wrong Account
April,Killi,New Project Knox - 180,rohankhanna@biztechanalytics.com,Ajay,Reviewer,8907,5,14.7,35,514.50,,Return by Bank due to Wrong Account
Pending - May,PDF,Batch 6,rohankhanna@biztechanalytics.com,Angisa Sharma,QA,5523,,,0.56,3092.88,,Pending for Payment
March,Hindi Project,new_2_annotator_consensus_AN_1_7700_items,operations-a@biztechanalytics.com,Sarth,Annotator,6850,,37.4,100,3740.00,,
Pending - May,PDF,Batch 7,rohankhanna@biztechanalytics.com,Pavani,EC - Submitter,8622,,,0.56,4828.32,,Paid on 15.07.2026
Pending - May,Roboflow,AN_1_SINGLE ANNOTATOR,rohankhanna@biztechanalytics.com,Pavani,QC,1506,,,0.56,843.36,,
June -2026,Roboflow,Astra - Hindi,rohankhanna@biztechanalytics.com,Somya Kumar,Reviewer,6280,,,0.5,3140.00,,Paid on 15.07.2026
June -2026,Short Form Video Project,TAX Form Canada-rework,operations-a@biztechanalytics.com,Mukesh - Intern,EC - Submitter,1775,,,0.6,1065.00,,Pending for Payment
March,Pending - PDF,AN_1_SINGLE ANNOTATOR,rohankhanna@biztechanalytics.com,Somya Sharma,QC,2017,151,,0.56,1129.52,,
May,Short Form Video Project,new 100K consensus with QA3_AN1-5000,rohankhanna@biztechanalytics.com,Meena - Intern,Reviewer,1674,,,0.56,937.44,,Pending for Payment
April,Killi,Astra - Hindi,operations-a@biztechanalytics.com,Pradeep - Intern,QA,1099,,,0.2,219.80,,Paid on 15.07.2026
May,Hindi Project,new_2_annotator_consensus_AN_1_7700_items,rohankhanna@biztechanalytics.com,Somya,QA,1294,96,,0.23,297.62,,
March+ April,Hindi Project,Batch 7,operations-a@biztechanalytics.com,Sneha Sharma,QA,6955,21,,0.23,1599.65,,Paid on 15.07.2026
March+ April,Roboflow,New Project Knox - 180,rohankhanna@biztechanalytics.com,Mukesh,Reviewer,4055,,,0.23,932.65,,
May,Terminus,New Project Knox - 180,rohankhanna@biztechanalytics.com,Aditya,QA,7848,,38.8,25,970.00,,Return by Bank due to Wrong Account
June -2026,Hindi Project,AN_1_SINGLE ANNOTATOR,rohankhanna@biztechanalytics.com,Durgai Sai,QA,427,,,0.5,213.50,,
April,Terminus,new_2_annotator_consensus_AN_1_7700_items,operations-a@biztechanalytics.com,Pavani - Intern,QC,1821,,,0.2,364.20,,
March,Killi,Astra - Hindi,operations-a@biztechanalytics.com,Atiya,QA,6081,,,0.6,3648.60,,
June -2026,Short Form Video Project,new 100K consensus with QA3_AN1-5000,rohankhanna@biztechanalytics.com,Pavani Sharma,QC,1133,105,,0.5,566.50,,
March,PDF,TAX Form Canada-rework,operations-a@biztechanalytics.com,Ajay,Reviewer,1644,,,0.56,920.64,,
Pending - May,PDF,new_2_annotator_consensus_AN_1_7700_items,operations-a@biztechanalytics.com,Aditya - Intern,Reviewer,2885,,,0.6,1731.00,,Return by Bank due to Wrong Account
June -2026,PDF,AN_1_SINGLE ANNOTATOR,rohankhanna@biztechanalytics.com,Sharul,QA,6887,96,,0.56,3856.72,,Pending for Payment
April,PDF,Batch 7,rohankhanna@biztechanalytics.com,Aman,Reviewer,1730,,34.8,25,870.00,,Paid on 17.06.2026
March,Roboflow,TAX Form Canada-rework,operations-a@biztechanalytics.com,Harshit,QC,5555,,8.4,35,294.00,,Paid on 17.06.2026
March+ April,Terminus,TAX Form Canada-rework,operations-a@biztechanalytics.com,Rajesh,Annotator,2002,,37.7,30,1131.00,,
April,Short Form Video Project,New Project Knox - 180,rohankhanna@biztechanalytics.com,Rahela,Reviewer,4927,,36.6,35,1281.00,,Paid on 17.06.2026
June -2026,Short Form Video Project,New Project Knox - 180,rohankhanna@biztechanalytics.com,Pradeep - Intern,EC - Submitter,999,100,27.6,30,828.00,,
May,Short Form Video Project,New Project Knox - 180,rohankhanna@biztechanalytics.com,Aman,EC - Submitter,7404,79,,0.2,"""1,480.80""",,
May,Hindi Project,Astra - Hindi,rohankhanna@biztechanalytics.com,Ankur,Reviewer,820,,34.2,25,855.00,,Paid on 15.07.2026
March,Short Form Video Project,Batch 6,rohankhanna@biztechanalytics.com,Sabah - Intern,QC,4885,75,,0.6,2931.00,,Paid on 17.06.2026
Pending - May,Roboflow,Batch 7,operations-a@biztechanalytics.com,Ritika - Intern,Annotator,6201,,24.9,120,2988.00,,
May,Hindi Project,AN_1_SINGLE ANNOTATOR,operations-a@biztechanalytics.com,Bhavya,Reviewer,3527,,,0.56,"""1,975.12""",,Paid on 15.07.2026
March,Pending - PDF,TAX Form Canada-rework,operations-a@biztechanalytics.com,Swarupa,EC - Submitter,3990,,,0.6,"""2,394.00""",,
May,PDF,new_2_annotator_consensus_AN_1_7700_items,operations-a@biztechanalytics.com,Sai Charan Kumar,EC - Submitter,1337,,,0.2,267.40,,Paid on 15.07.2026
March+ April,Roboflow,new_2_annotator_consensus_AN_1_7700_items,rohankhanna@biztechanalytics.com,Priyam,QA,3043,175,,0.6,"""1,825.80""",,
March,Hindi Project,New Project Knox - 180,rohankhanna@biztechanalytics.com,Pavani,Reviewer,2137,,33.8,25,845.00,,
April,Short Form Video Project,Batch 6,dhruvgupta9191@gmail.com,Dhruv Gupta,Annotator,,,63.1,120,7572.00,,
Pending - May,Terminus,new_2_annotator_consensus_AN_1_7700_items,operations-a@biztechanalytics.com,Bhavya Sharma,EC - Submitter,8976,,,0.56,5026.56,,
June -2026,Pending - PDF,Batch 6,operations-a@biztechanalytics.com,Kaushik - Intern,Reviewer,6041,,,0.2,1208.20,,Pending for Payment
March+ April,PDF,Astra - Hindi,rohankhanna@biztechanalytics.com,Sharul,QC,152,,39.5,30,1185.00,,Return by Bank due to Wrong Account
June -2026,Terminus,AN_1_SINGLE ANNOTATOR,operations-a@biztechanalytics.com,Swarupa,QA,7167,,35.4,12,424.80,,Paid on 17.06.2026
June -2026,Roboflow,Astra - Hindi,priyasharma@biztechanalytics.com,Priya Sharma,EC - Submitter,,,36.5,307,11205.50,,
June -2026,Hindi Project,new_2_annotator_consensus_AN_1_7700_items,rohankhanna@biztechanalytics.com,Amir Hamza,QA,5980,,,0.6,"""3,588.00""",,Pending for Payment
April,PDF,AN_1_SINGLE ANNOTATOR,operations-a@biztechanalytics.com,Atiya,EC - Submitter,7758,,,0.23,1784.34,,
March,Roboflow,Batch 7,rohankhanna@biztechanalytics.com,Ridhima,QC,7133,,10.7,100,1070.00,,
April,Short Form Video Project,New Project Knox - 180,rohankhanna@biztechanalytics.com,Amir Hamza,QC,944,,,0.5,472.00,,
June -2026,Killi,new 100K consensus with QA3_AN1-5000,rohankhanna@biztechanalytics.com,Suhrid - Intern,QC,1923,,,0.23,442.29,,
Pending - May,Pending - PDF,Astra - Hindi,rohankhanna@biztechanalytics.com,Meena,QC,3974,,,0.23,914.02,,Pending for Payment
Pending - May,Roboflow,new 100K consensus with QA3_AN1-5000,rohankhanna@biztechanalytics.com,Prameela,QA,2627,11,27.7,30,831.00,,Paid on 15.07.2026
June,PDF,Batch 6,,Ritika,Annotator,100,,,0.56,56.00,,
June -2026,Pending - PDF,Astra - Hindi,rohankhanna@biztechanalytics.com,Ankur,Reviewer,7851,150,,0.56,4396.56,,Paid on 15.07.2026
June -2026,Pending - PDF,new_2_annotator_consensus_AN_1_7700_items,rohankhanna@biztechanalytics.com,Angisa Kumar,Reviewer,6990,,,0.23,"""1,607.70""",,Return by Bank due to Wrong Account
March+ April,Killi,new 100K consensus with QA3_AN1-5000,rahulmehta@biztechanalytics.com,Rahul Mehta,Annotator,,,14.3,100,1430.00,,
June -2026,PDF,New Project Knox - 180,rohankhanna@biztechanalytics.com,Anishka,Reviewer,924,,,0.6,554.40,,Paid on 15.07.2026
March,PDF,new 100K consensus with QA3_AN1-5000,rohankhanna@biztechanalytics.com,Ritika,Reviewer,110,,15.5,120,1860.00,,Paid on 15.07.2026
Pending - May,Roboflow,Batch 7,dhruvgupta9191@gmail.com,Dhruv Gupta,Annotator,,,21.4,500,10700.00,,
Pending - May,Pending - PDF,Batch 7,rohankhanna@biztechanalytics.com,Sneha,EC - Submitter,4067,,,0.6,"""2,440.20""",,Paid on 17.06.2026
Pending - May,Hindi Project,New Project Knox - 180,operations-a@biztechanalytics.com,Vivek,Annotator,3657,,,0.6,"""2,194.20""",,Paid on 17.06.2026
April,PDF,New Project Knox - 180,rohankhanna@biztechanalytics.com,Amir Hamza Kumar,QA,5210,,1.6,100,160.00,,Paid on 15.07.2026
May,Roboflow,new_2_annotator_consensus_AN_1_7700_items,rohankhanna@biztechanalytics.com,Kiran Bala Sharma,QA,6361,,,0.6,3816.60,,Paid on 15.07.2026
May,Killi,new 100K consensus with QA3_AN1-5000,operations-a@biztechanalytics.com,Kathryn,QC,7438,,31.6,100,3160.00,,
April,Short Form Video Project,Astra - Hindi,operations-a@biztechanalytics.com,Himandri - Intern,QA,469,,,12,234.50,,
April,Terminus,Batch 6,operations-a@biztechanalytics.com,Pranav,Reviewer,6455,,,0.56,"""3,614.80""",,Return by Bank due to Wrong Account
May,Killi,new 100K consensus with QA3_AN1-5000,operations-a@biztechanalytics.com,Atiya,Reviewer,1647,,,0.23,378.81,,
March,Short Form Video Project,Batch 6,rohankhanna@biztechanalytics.com,Anishka,Annotator,4006,12,,0.23,921.38,,
March+ April,Terminus,New Project Knox - 180,rohankhanna@biztechanalytics.com,Savithri,EC - Submitter,4835,128,19.4,12,232.80,,
March,Roboflow,Batch 7,operations-a@biztechanalytics.com,Harshit Sharma,QC,828,,37.1,120,"""4,452.00""",,Paid on 17.06.2026
March+ April,Terminus,TAX Form Canada-rework,operations-a@biztechanalytics.com,Nishtha - Intern,Reviewer,2898,,,12,1449.00,,
June -2026,Hindi Project,New Project Knox - 180,rohankhanna@biztechanalytics.com,Vivek,Annotator,2762,,,0.2,552.40,,
June -2026,Killi,new 100K consensus with QA3_AN1-5000,rohankhanna@biztechanalytics.com,Pradeep,Annotator,3836,,,0.2,767.20,,
Pending - May,Killi,new_2_annotator_consensus_AN_1_7700_items,operations-a@biztechanalytics.com,Kaushik,QC,5992,24,,0.6,"""3,595.20""",,Paid on 15.07.2026
March,Killi,Batch 6,operations-a@biztechanalytics.com,Ankur,Reviewer,5733,,26.2,120,"""3,144.00""",,
Pending - May,Hindi Project,new_2_annotator_consensus_AN_1_7700_items,operations-a@biztechanalytics.com,Somya,Annotator,1580,,,12,790.00,,
April,Roboflow,AN_1_SINGLE ANNOTATOR,operations-a@biztechanalytics.com,Aman Sharma,Reviewer,6284,,11.4,120,1368.00,,Paid on 15.07.2026
June -2026,Hindi Project,new_2_annotator_consensus_AN_1_7700_items,rohankhanna@biztechanalytics.com,Savithri,QC,4911,,,0.23,1129.53,,Return by Bank due to Wrong Account
April,Hindi Project,New Project Knox - 180,rohankhanna@biztechanalytics.com,Sindhu,Reviewer,6819,,,0.2,1363.80,,
May,PDF,Batch 7,rohankhanna@biztechanalytics.com,Jyoti,QC,4066,92,,0.5,"""2,033.00""",,
June -2026,PDF,new_2_annotator_consensus_AN_1_7700_items,operations-a@biztechanalytics.com,Pranav,Reviewer,5553,117,,0.2,1110.60,,Paid on 15.07.2026
May,Killi,new_2_annotator_consensus_AN_1_7700_items,operations-a@biztechanalytics.com,Sarth,EC - Submitter,6543,,6.0,30,180.00,,
April,Short Form Video Project,Batch 7,operations-a@biztechanalytics.com,Aditya - Intern,QA,4569,,23.0,100,2300.00,,
April,Killi,AN_1_SINGLE ANNOTATOR,operations-a@biztechanalytics.com,Aditya,EC - Submitter,4352,,,0.5,2176.00,,
May,Hindi Project,new_2_annotator_consensus_AN_1_7700_items,rohankhanna@biztechanalytics.com,Bhavya - Intern,QC,749,,,0.2,149.80,,
June -2026,PDF,new 100K consensus with QA3_AN1-5000,rohankhanna@biztechanalytics.com,Brijesh,QC,3331,,34.0,12,408.00,,Pending for Payment
June,PDF,Batch 6,not-an-email,Rahela,Annotator,50,,,0.56,28.00,,
March+ April,Short Form Video Project,New Project Knox - 180,operations-a@biztechanalytics.com,Jyoti Kumar,Annotator,5967,,36.9,35,1291.50,,
March+ April,Terminus,AN_1_SINGLE ANNOTATOR,rahulmehta@biztechanalytics.com,Rahul Mehta,EC - Submitter,,,38.3,500,19150.00,,
May,Killi,new 100K consensus with QA3_AN1-5000,rohankhanna@biztechanalytics.com,Ruchita - Intern,EC - Submitter,6943,,,0.23,1596.89,,Pending for Payment
May,Pending - PDF,new 100K consensus with QA3_AN1-5000,rohankhanna@biztechanalytics.com,Amir Hamza,QC,3683,,,0.56,2062.48,,Return by Bank due to Wrong Account
Pending - May,Terminus,Astra - Hindi,rohankhanna@biztechanalytics.com,Himandri - Intern,Reviewer,2198,130,,0.2,439.60,,Paid on 15.07.2026
March+ April,Short Form Video Project,New Project Knox - 180,rohankhanna@biztechanalytics.com,Durgai Sai Sharma,Annotator,2838,,,0.2,567.60,,
March+ April,Short Form Video Project,new 100K consensus with QA3_AN1-5000,dhruvgupta9911@gmail.com,Ritika Garg,Annotator,,,20.2,120,2424.00,,
March+ April,Hindi Project,New Project Knox - 180,operations-a@biztechanalytics.com,Kathryn Kumar,Annotator,6825,,,0.5,"""3,412.50""",,Pending for Payment
April,PDF,Batch 6,rohankhanna@biztechanalytics.com,Nishtha,EC - Submitter,6718,,,0.2,1343.60,,
March,Short Form Video Project,new_2_annotator_consensus_AN_1_7700_items,rohankhanna@biztechanalytics.com,Ankur,QC,3532,,,0.2,706.40,,Paid on 17.06.2026
March+ April,PDF,Batch 7,rohankhanna@biztechanalytics.com,Pranav,EC - Submitter,6006,,,0.5,3003.00,,
March,PDF,AN_1_SINGLE ANNOTATOR,operations-a@biztechanalytics.com,Palguni Sharma,Annotator,6367,,,0.6,3820.20,,
Pending - May,PDF,Batch 6,rohankhanna@biztechanalytics.com,Sindhu Kumar,QA,7785,,,0.5,3892.50,,Return by Bank due to Wrong Account
June -2026,Pending - PDF,New Project Knox - 180,operations-a@biztechanalytics.com,Pradeep,Reviewer,8494,93,,0.2,"""1,698.80""",,Pending for Payment
April,PDF,New Project Knox - 180,rohankhanna@biztechanalytics.com,Harshit - Intern,QA,930,154,,0.23,213.90,,
April,Short Form Video Project,Astra - Hindi,rahulmehta@biztechanalytics.com,Rahul Mehta,Annotator,,,23.9,307,7337.30,,
April,Hindi Project,New Project Knox - 180,operations-a@biztechanalytics.com,Ritika,Annotator,2248,,,0.2,449.60,,
April,Terminus,TAX Form Canada-rework,operations-a@biztechanalytics.com,Ritika Sharma,QA,3588,,,0.23,825.24,,
June,PDF,Batch 6,,Sabah,Annotator,100,,,0.56,56.00,,
Pending - May,Short Form Video Project,Batch 6,rohankhanna@biztechanalytics.com,Amir Hamza Sharma,QA,752,26,,0.23,172.96,,Return by Bank due to Wrong Account
Pending - May,Short Form Video Project,AN_1_SINGLE ANNOTATOR,rohankhanna@biztechanalytics.com,Sharul,QA,5499,,,0.23,1264.77,,
Pending - May,PDF,new_2_annotator_consensus_AN_1_7700_items,rohankhanna@biztechanalytics.com,Aishwarya,QA,6852,,,0.56,"""3,837.12""",,Pending for Payment
March+ April,Pending - PDF,Batch 7,operations-a@biztechanalytics.com,Sai Charan,QC,4458,114,,0.56,2496.48,,
June -2026,Killi,New Project Knox - 180,operations-a@biztechanalytics.com,Vivek - Intern,EC - Submitter,4499,,,0.23,"""1,034.77""",,Paid on 15.07.2026
March,Terminus,AN_1_SINGLE ANNOTATOR,operations-a@biztechanalytics.com,Rajyalakshmi - Intern,Reviewer,8674,94,,0.5,"""4,337.00""",,
June,PDF,Batch 6,not-an-email,Rajyalakshmi,Annotator,50,,,0.56,28.00,,
Pending - May,Killi,AN_1_SINGLE ANNOTATOR,dhruvgupta9191@gmail.com,Dhruv Gupta,Annotator,,,3.4,307,"""1,043.80""",,
June,PDF,Batch 6,,Ruchita,Annotator,100,,,0.56,56.00,,
April,Killi,AN_1_SINGLE ANNOTATOR,operations-a@biztechanalytics.com,Bhavya,Annotator,6916,,,0.6,4149.60,,Pending for Payment
March,Pending - PDF,AN_1_SINGLE ANNOTATOR,rohankhanna@biztechanalytics.com,Aditya,Annotator,2793,,38.2,25,955.00,,
April,Pending - PDF,Batch 6,rohankhanna@biztechanalytics.com,Ankur - Intern,QA,6437,147,,0.5,"""3,218.50""",,
March,Pending - PDF,TAX Form Canada-rework,rohankhanna@biztechanalytics.com,Somya Kumar,EC - Submitter,4631,,,0.5,2315.50,,Paid on 15.07.2026
March+ April,PDF,new_2_annotator_consensus_AN_1_7700_items,rohankhanna@biztechanalytics.com,Kaushik - Intern,QC,8856,85,6.0,100,600.00,,
Pending - May,PDF,New Project Knox - 180,rohankhanna@biztechanalytics.com,Kaushik,Reviewer,4778,,16.0,120,1920.00,,Paid on 15.07.2026
Pending - May,Short Form Video Project,Astra - Hindi,operations-a@biztechanalytics.com,Dipti,Annotator,4951,167,,0.2,990.20,,
May,Short Form Video Project,Astra - Hindi,operations-a@biztechanalytics.com,Savithri,Annotator,2273,195,,0.2,454.60,,
May,Terminus,new 100K consensus with QA3_AN1-5000,operations-a@biztechanalytics.com,Angisa,Reviewer,6951,,,0.5,"""3,475.50""",,Paid on 17.06.2026
March,Pending - PDF,TAX Form Canada-rework,operations-a@biztechanalytics.com,Swarupa Kumar,QA,2143,,,0.56,1200.08,,Paid on 17.06.2026
March,PDF,Batch 7,operations-a@biztechanalytics.com,Meena,Reviewer,7560,,,0.5,3780.00,,
March+ April,Terminus,new_2_annotator_consensus_AN_1_7700_items,priyasharma@biztechanalytics.com,Priya Sharma,Annotator,,,77.2,120,9264.00,,
June -2026,Pending - PDF,AN_1_SINGLE ANNOTATOR,operations-a@biztechanalytics.com,Priyam Sharma,QC,6209,1,,0.56,"""3,477.04""",,Pending for Payment
March,PDF,New Project Knox - 180,rohankhanna@biztechanalytics.com,Bhavya Kumar,QA,6878,,6.1,25,152.50,,
March,Terminus,Batch 7,rohankhanna@biztechanalytics.com,Somya,Reviewer,4631,,,0.6,"""2,778.60""",,
Pending - May,Hindi Project,new_2_annotator_consensus_AN_1_7700_items,operations-a@biztechanalytics.com,Joy,Reviewer,4460,129,,0.6,"""2,676.00""",,Paid on 17.06.2026
Pending - May,Hindi Project,Batch 7,rahulmehta@biztechanalytics.com,Rahul Mehta,Annotator,,,70.7,307,21704.90,,
May,PDF,new 100K consensus with QA3_AN1-5000,rohankhanna@biztechanalytics.com,Sharul,QA,1480,,,0.23,340.40,,
June -2026,Short Form Video Project,Batch 6,rohankhanna@biztechanalytics.com,Sharul - Intern,Annotator,8226,,,0.56,"""4,606.56""",,
Pending - May,Pending - PDF,AN_1_SINGLE ANNOTATOR,operations-a@biztechanalytics.com,Vivek,QA,3929,,,0.56,2200.24,,Return by Bank due to Wrong Account
March+ April,PDF,Batch 6,operations-a@biztechanalytics.com,Vishwa Sharma,EC - Submitter,8320,,,0.2,1664.00,,
March+ April,Roboflow,TAX Form Canada-rework,operations-a@biztechanalytics.com,Rajesh,QA,2093,,,0.56,1172.08,,
Pending - May,Killi,new 100K consensus with QA3_AN1-5000,operations-a@biztechanalytics.com,Angisa Sharma,Annotator,8201,,,0.2,1640.20,,
May,PDF,new_2_annotator_consensus_AN_1_7700_items,rohankhanna@biztechanalytics.com,Jyoti,Annotator,2527,190,,0.2,505.40,,
Pending - May,PDF,Astra - Hindi,rohankhanna@biztechanalytics.com,Somya,Annotator,8123,,13.2,25,330.00,,
June -2026,PDF,new 100K consensus with QA3_AN1-5000,operations-a@biztechanalytics.com,Aditya,Annotator,474,,12.1,25,302.50,,Paid on 17.06.2026
March+ April,Roboflow,Batch 7,rohankhanna@biztechanalytics.com,Harshit - Intern,Reviewer,500,,,0.56,280.00,,
May,Terminus,New Project Knox - 180,operations-a@biztechanalytics.com,Brijesh - Intern,Annotator,7030,,,0.5,"""3,515.00""",,
June,PDF,Batch 6,,Priyam Sharma,Annotator,100,,,0.56,56.00,,
March,Killi,Batch 7,rohankhanna@biztechanalytics.com,Kaushik,Reviewer,1690,,5.9,120,708.00,,
March+ April,Killi,TAX Form Canada-rework,operations-a@biztechanalytics.com,Rajesh,EC - Submitter,2387,,,25,1193.50,,
March+ April,Terminus,Batch 6,rohankhanna@biztechanalytics.com,Kiran Bala,Annotator,2688,,,0.23,618.24,,Paid on 17.06.2026
June -2026,Killi,New Project Knox - 180,operations-a@biztechanalytics.com,Swarupa - Intern,QC,5016,,,0.6,3009.60,,Pending for Payment
March+ April,Roboflow,Astra - Hindi,operations-a@biztechanalytics.com,Prameela - Intern,EC - Submitter,1214,,,0.56,679.84,,
June -2026,Hindi Project,new 100K consensus with QA3_AN1-5000,operations-a@biztechanalytics.com,Sneha Sharma,QA,4715,32,16.1,25,402.50,,
March,Pending - PDF,Batch 7,rohankhanna@biztechanalytics.com,Brijesh,Reviewer,5798,,,0.5,2899.00,,
May,PDF,AN_1_SINGLE ANNOTATOR,operations-a@biztechanalytics.com,Sarth,QC,2504,,,0.56,1402.24,,Return by Bank due to Wrong Account
June -2026,Killi,AN_1_SINGLE ANNOTATOR,rohankhanna@biztechanalytics.com,Sindhu,Reviewer,8172,,,0.56,4576.32,,Return by Bank due to Wrong Account
June -2026,PDF,Batch 12,rohankhanna@biztechanalytics.com,Priyam,EC - Submitter,2587,,,0.56,"""1,278.00""",,
June -2026,PDF,Batch 9,operations-a@biztechanalytics.com,Tejbanta,Annotator,1766,,,0.56,2001.00,,
June -2026,PDF,Batch 10,operations-a@biztechanalytics.com,Joy - Intern,QA,2952,,,0.56,"""1,459.00""",,
June -2026,PDF,Batch 12,operations-a@biztechanalytics.com,Durgai Sai,EC - Submitter,4411,,,0.2,1215.00,,
June -2026,PDF,Batch 8,rohankhanna@biztechanalytics.com,Nishtha Sharma,Reviewer,2348,,,0.56,2637.00,,
June -2026,PDF,Batch 11,operations-a@biztechanalytics.com,Vivek - Intern,EC - Submitter,4683,,,0.56,342.00,,
June -2026,PDF,Batch 9,operations-a@biztechanalytics.com,Angisa - Intern,QA,2596,,,0.56,"""2,959.00""",,
June -2026,PDF,Batch 10,rohankhanna@biztechanalytics.com,Harshit Sharma,EC - Submitter,4268,,,0.56,"""1,745.00""",,
June -2026,PDF,Batch 10,operations-a@biztechanalytics.com,Rajesh,Annotator,1726,,,0.2,"""1,676.00""",,
June -2026,PDF,Batch 8,operations-a@biztechanalytics.com,Sharul,Annotator,3253,,,0.2,475.00,,
June -2026,PDF,Batch 8,rohankhanna@biztechanalytics.com,Somya,Reviewer,2535,,,0.2,1063.00,,
June -2026,PDF,Batch 9,rohankhanna@biztechanalytics.com,Vivek,EC - Submitter,1398,,,0.2,193.00,,
June -2026,PDF,Batch 11,rohankhanna@biztechanalytics.com,Dipti Sharma,EC - Submitter,2232,,,0.56,603.00,,
June -2026,PDF,Batch 12,operations-a@biztechanalytics.com,Vishwa Sharma,Reviewer,4289,,,0.56,1472.00,,
June -2026,PDF,Batch 10,operations-a@biztechanalytics.com,Swarupa Sharma,QA,3377,,,0.56,687.00,,
June -2026,PDF,Batch 12,rohankhanna@biztechanalytics.com,Meena,QC,2818,,,0.56,1971.00,,
June -2026,PDF,Batch 10,rohankhanna@biztechanalytics.com,Bhavya Sharma,Annotator,3527,,,0.56,"""2,495.00""",,
June -2026,PDF,Batch 9,operations-a@biztechanalytics.com,Brijesh - Intern,Reviewer,4593,,,0.56,"""1,666.00""",,
June -2026,PDF,Batch 10,rohankhanna@biztechanalytics.com,Ajay,Annotator,3459,,,0.2,2166.00,,
June -2026,PDF,Batch 10,rohankhanna@biztechanalytics.com,Kathryn,Reviewer,1541,,,0.2,797.00,,
June -2026,PDF,Batch 11,operations-a@biztechanalytics.com,Kathryn,EC - Submitter,3710,,,0.56,2919.00,,
June -2026,PDF,Batch 9,operations-a@biztechanalytics.com,Dipti,Annotator,4383,,,0.2,811.00,,
June -2026,PDF,Batch 9,operations-a@biztechanalytics.com,Kathryn - Intern,Reviewer,68,,,0.2,419.00,,
June -2026,PDF,Batch 9,operations-a@biztechanalytics.com,Meena Sharma,QA,3443,,,0.56,2091.00,,
June -2026,PDF,Batch 10,rohankhanna@biztechanalytics.com,Sneha,Annotator,1197,,,0.2,1141.00,,
June -2026,PDF,Batch 9,operations-a@biztechanalytics.com,Uppu Venkatesh Sharma,QC,2049,,,0.56,101.00,,
June -2026,PDF,Batch 11,operations-a@biztechanalytics.com,Nishtha,Reviewer,2025,,,0.2,865.00,,
June -2026,PDF,Batch 12,rohankhanna@biztechanalytics.com,Anishka,QC,3874,,,0.56,2841.00,,
June -2026,PDF,Batch 12,rohankhanna@biztechanalytics.com,Angisa,EC - Submitter,1001,,,0.56,2021.00,,
June -2026,PDF,Batch 9,operations-a@biztechanalytics.com,Rajyalakshmi,Annotator,1934,,,0.56,"""1,379.00""",,
June -2026,PDF,Batch 11,rohankhanna@biztechanalytics.com,Vishwa,QC,74,,,0.2,2430.00,,
June -2026,PDF,Batch 10,rohankhanna@biztechanalytics.com,Sneha,Annotator,2038,,,0.2,"""2,097.00""",,
June -2026,PDF,Batch 8,rohankhanna@biztechanalytics.com,Bhavya,QA,1261,,,0.2,565.00,,
June -2026,PDF,Batch 12,rohankhanna@biztechanalytics.com,Ruchita - Intern,QA,3594,,,0.2,137.00,,
June -2026,PDF,Batch 10,rohankhanna@biztechanalytics.com,Durgai Sai,Annotator,3976,,,0.56,"""2,339.00""",,
June -2026,PDF,Batch 12,rohankhanna@biztechanalytics.com,Atiya,QA,2652,,,0.56,1177.00,,
June -2026,PDF,Batch 9,operations-a@biztechanalytics.com,Kaushik,Reviewer,2423,,,0.56,2268.00,,
June -2026,PDF,Batch 11,operations-a@biztechanalytics.com,Nishtha,QC,154,,,0.56,"""2,590.00""",,
June -2026,PDF,Batch 11,operations-a@biztechanalytics.com,Pradeep,QC,4294,,,0.56,"""2,308.00""",,
June -2026,PDF,Batch 10,rohankhanna@biztechanalytics.com,Dipti Kumar,Annotator,789,,,0.2,229.00,,
June -2026,PDF,Batch 9,operations-a@biztechanalytics.com,Rahela,Annotator,3977,,,0.2,454.00,,
June -2026,PDF,Batch 11,operations-a@biztechanalytics.com,Amir Hamza Kumar,EC - Submitter,4836,,,0.56,251.00,,
June -2026,PDF,Batch 8,rohankhanna@biztechanalytics.com,Ruchita,QC,4026,,,0.2,1967.00,,
June -2026,PDF,Batch 11,operations-a@biztechanalytics.com,Rajyalakshmi,QA,478,,,0.56,"""2,216.00""",,
June -2026,PDF,Batch 9,operations-a@biztechanalytics.com,Palguni,EC - Submitter,796,,,0.2,996.00,,
June -2026,PDF,Batch 12,rohankhanna@biztechanalytics.com,Atiya,QC,4670,,,0.2,2337.00,,
June -2026,PDF,Batch 12,rohankhanna@biztechanalytics.com,Anishka,QA,3758,,,0.56,476.00,,
June -2026,PDF,Batch 11,operations-a@biztechanalytics.com,Rahela,EC - Submitter,2765,,,0.2,2236.00,,
June -2026,PDF,Batch 12,rohankhanna@biztechanalytics.com,Durgai Sai - Intern,QA,3046,,,0.56,2643.00,,
June -2026,PDF,Batch 12,rohankhanna@biztechanalytics.com,Ritika,EC - Submitter,1753,,,0.56,2303.00,,
June -2026,PDF,Batch 11,rohankhanna@biztechanalytics.com,Rajyalakshmi Sharma,Reviewer,2,,,0.2,1215.00,,
June -2026,PDF,Batch 10,operations-a@biztechanalytics.com,Palguni,QC,1760,,,0.56,138.00,,
June -2026,PDF,Batch 12,rohankhanna@biztechanalytics.com,Brijesh,EC - Submitter,4683,,,0.2,436.00,,
June -2026,PDF,Batch 9,operations-a@biztechanalytics.com,Suhrid - Intern,QC,2171,,,0.56,"""2,434.00""",,
June -2026,PDF,Batch 12,rohankhanna@biztechanalytics.com,Palguni,Reviewer,4662,,,0.2,366.00,,
June -2026,PDF,Batch 11,rohankhanna@biztechanalytics.com,Sharul,EC - Submitter,782,,,0.56,203.00,,
June -2026,PDF,Batch 10,rohankhanna@biztechanalytics.com,Swarupa,QA,3558,,,0.56,543.00,,
June -2026,PDF,Batch 11,operations-a@biztechanalytics.com,Anishka,Annotator,2497,,,0.2,1357.00,,
June -2026,PDF,Batch 9,operations-a@biztechanalytics.com,Dipti,QC,414,,,0.56,1875.00,,
June -2026,PDF,Batch 10,operations-a@biztechanalytics.com,Ruchita Kumar,Reviewer,1213,,,0.2,"""1,426.00""",,
June -2026,PDF,Batch 10,operations-a@biztechanalytics.com,Brijesh Kumar,Annotator,3265,,,0.56,"""2,908.00""",,
June -2026,PDF,Batch 9,operations-a@biztechanalytics.com,Sharul,Reviewer,3239,,,0.2,2348.00,,
June -2026,PDF,Batch 10,operations-a@biztechanalytics.com,Sarth,Reviewer,2650,,,0.2,510.00,,
June -2026,PDF,Batch 10,rohankhanna@biztechanalytics.com,Aditya - Intern,QC,2628,,,0.56,2482.00,,
June -2026,PDF,Batch 12,rohankhanna@biztechanalytics.com,Angisa - Intern,Reviewer,1195,,,0.56,233.00,,
June -2026,PDF,Batch 9,operations-a@biztechanalytics.com,Atiya - Intern,Annotator,921,,,0.2,1045.00,,
June -2026,PDF,Batch 10,operations-a@biztechanalytics.com,Kathryn,Annotator,2500,,,0.56,"""1,979.00""",,
June -2026,PDF,Batch 9,operations-a@biztechanalytics.com,Anishka,QC,4477,,,0.56,2297.00,,
June -2026,PDF,Batch 11,operations-a@biztechanalytics.com,Sneha,EC - Submitter,4316,,,0.2,"""1,096.00""",,
June -2026,PDF,Batch 8,rohankhanna@biztechanalytics.com,Atiya - Intern,Reviewer,69,,,0.2,1641.00,,
June -2026,PDF,Batch 10,rohankhanna@biztechanalytics.com,Narendra,Reviewer,1894,,,0.56,2132.00,,
June -2026,PDF,Batch 12,operations-a@biztechanalytics.com,Dipti Sharma,EC - Submitter,722,,,0.2,864.00,,
June -2026,PDF,Batch 8,rohankhanna@biztechanalytics.com,Brijesh,QC,4337,,,0.56,1416.00,,
June -2026,PDF,Batch 10,operations-a@biztechanalytics.com,Pavani - Intern,QA,2477,,,0.2,"""2,103.00""",,
June -2026,PDF,Batch 11,operations-a@biztechanalytics.com,Vivek - Intern,Annotator,4547,,,0.56,973.00,,
June -2026,PDF,Batch 9,operations-a@biztechanalytics.com,Himandri Kumar,Annotator,3132,,,0.2,"""1,759.00""",,
June -2026,PDF,Batch 12,operations-a@biztechanalytics.com,Aditya - Intern,QA,3680,,,0.2,896.00,,
June -2026,PDF,Batch 9,operations-a@biztechanalytics.com,Vishwa,QC,2532,,,0.2,1811.00,,
June -2026,PDF,Batch 10,operations-a@biztechanalytics.com,Kiran Bala,Annotator,4566,,,0.2,804.00,,
June -2026,PDF,Batch 10,rohankhanna@biztechanalytics.com,Savithri,Reviewer,3369,,,0.56,1864.00,,
June -2026,PDF,Batch 8,rohankhanna@biztechanalytics.com,Savithri,QC,1514,,,0.2,2556.00,,
June -2026,PDF,Batch 9,operations-a@biztechanalytics.com,Ritika,Annotator,2944,,,0.2,2868.00,,
June -2026,PDF,Batch 10,operations-a@biztechanalytics.com,Sabah Sharma,QC,3175,,,0.56,"""1,990.00""",,
June -2026,PDF,Batch 11,operations-a@biztechanalytics.com,Ruchita,Annotator,2211,,,0.56,961.00,,
June -2026,PDF,Batch 8,operations-a@biztechanalytics.com,Bhavya,QC,3599,,,0.56,2867.00,,
June -2026,PDF,Batch 11,rohankhanna@biztechanalytics.com,Sarth Kumar,Annotator,4981,,,0.56,2999.00,,
June -2026,PDF,Batch 11,operations-a@biztechanalytics.com,Prameela,Reviewer,348,,,0.2,2174.00,,
June -2026,PDF,Batch 12,operations-a@biztechanalytics.com,Brijesh Kumar,Annotator,1556,,,0.56,1850.00,,
